rank,channel_id,channel_name
1,UCl6ICaB9meBcSMQ5Zmr446g,Tuko / Tuco - Kenya
2,UCUhrpGr_luwUzVaxiW5Jkhw,Switch TV
3,UCgFvn4mEAXU64TMu3xu7-Vw,COMRADES FLAVOUR
4,UCe68ABxGwMZO3J8y_gerZ6A,Obinna TV
5,UC_9xRXWjRrz_Jy7SWhUnBBw,Obinna TV Extra
6,UCsURxs8Kz_qzezpicj-STyw,Capital FM Kenya
7,UCzi4h-cAWIInntyWdA2unFA,Commentator254
8,UCMD-JmezXoQiV9PiWLwVpGQ,Presenter Ali
9,UC5h4-WH0LAV4CWs380yM33A,Iko Nini Podcast
10,UCFjDXCjGIhYyAYI_zF-a9iA,The BOLD 
11,UC-aT2XsRXmTHxnCeUiMNvTw,The Star Kenya
12,UC9xBLAzNAgV9SfnJuXhGnOw,CTA - Cleaning The Airwaves
13,UCeikCJsdGgJq6ktZy5dMbhQ,Spm Buzz
14,UCD-Mf4F5ZQ1Jw-nb2gqD1mw,Engage Talk
15,UCuCFmtzDgGg7qcLHZrQIb-w,Auntie Jemimah
16,UCn6KuzOF0Yp6RyFo-f7ybrQ,KENYA 360 NEWS
17,UCTX5MKA5RgKPyYmGWEXX6cQ,Mwangaza TV Kenya
18,UCFFImqk3FPSvKWBoturxJ7g,Evans From Kenya COMMENTARIES
19,UCiDnAbM8IpBHDgjTWbOnbUw,Obinna Ejimogu
20,UCEMsE6ZgO2sYnFBGxQK9vPA,Zabe
21,UC6fVFxrbf0HDRW3B2mdWFGA,TMI Podcast KE
22,UC3mEX7L5GcOnX7LVYYlHlaw,Dialogues With Jagero
23,UCZF83-HDYyqiCuwoJCrnVUA,SKY Girls KE
24,UCk-y6aJF_a7lteORvIiVR-Q,KENYA NEWS TODAY
25,UCOQK1I_m8oi2EnIy12ayYuQ,GATE C KENYA
26,UCcDnFV4SQCU3p5A6nrRQgRQ,NDIZI TV NEWS
27,UCz6bDe_mixAq2Z3evEPSYyg,Jeff Koinange
28,UCq9K26KI96tZEQrSomHSjqg,Simy Kenya TV
29,UC1ftALcyqQ5zRLMqfOvM5Uw,FKF TV
30,UCjSpvbZM2B9dzDDq2caHTeQ,Corporate Staffing Services Kenya
31,UCaezQJtBqkyuNFN8bGmBeMQ,Family Media
32,UCfy9aswLTfmuqcNylgMbUrA,Constable Kenya TV
33,UCY1IrGERuCVSOouHue3SP_g,Thee Carrivia Family
34,UCT7_iCG9NEvIYU9oColH32A,Empire Dance Kenya
35,UCM0AhEzSsjf61sJntWDxcEg,The Dating Stories
36,UC8HG4vpTcMe4D-D21S_7CGA,Jiji Kenya
37,UCmBQsChFjOTcqv7D6sT8dPw,ManTalk Ke
38,UCFoCwho-6MAtUcVHWKkdI4w,XBenjoes Kenya
39,UCEYqAce8R78wNRAkb8wIuVQ,The Sandwich Podcast KE
40,UC6IXN-We_PqTk69QcXomE_g,SportCast AFRICA 
41,UCwnJnBEQjqMkgyVYmeQ6D4g,BONITA MEDIA
42,UCwvnwnFeawExcT6cxOXOJxA,Rawder Kidula Show
43,UCKg6e0Z4v_u3m8DVvTuSU-g,Legally Clueless
44,UC_dHCZXplOdSkJ7cNJTxYFA,LWKY
45,UC7HDp9gXmNjgtVgXUR7LHqA,CITYVIEW TV. 
46,UC6NsT051-Qwd4T_--Q6z8FA,BRAG_KE
47,UCR0SvwY_QW7XrsaCZ_youXg,ZOZA PODCAST
48,UCV4KaGzWgNTmbrasO_oLdbA,Just Angie
49,UCohbnoq3aEc2cj5XYM6dQ0g,Kamba Podcast
50,UCUQJhw48IStqBL13dSSBoLQ,DELTA TV KENYA
51,UCsoMDHBsGyqkGpzlz7boodA,AfricanReel Studios
52,UC7hvg5iaRZFPjFCASQs6Clg,PTP STUDIOS AFRICA
53,UCkZKGnWZWb-S9wJdz9IGDTw,Sajid Vayani
54,UCSk_nh-LpsSbUtzoMrm4VlQ,Kenya Premier League
55,UCSp_w_aNlrg8q0oyKx5YEZQ,DMTV KENYA ðŸ‡°ðŸ‡ª
56,UCquxoW1DZM_FkQbuWhFLcNw,Chizzi Podcast
57,UCtkLyqydikBzPxAygmen-Cg,thekisscapadespodcast
58,UCxShsjvWXPvhfBdw877cXng,THE HOT SEAT KE
59,UCZRdBZZ-7hs2VmR3jOAZNYw,ADO VELI
60,UCWGMzK6GUDvxM0dY3J1KBVA,SemaBOX TV
61,UCQZE4sZ5wYU2Ko6aaSNTX6A,Off Radar Tv
62,UCcBNWxvAXH-nTAzOeuuLHgw,Director Trevor Academy
63,UCWSg6aESeaQTc3cBb6v4Z8w,The Kenya Times
64,UCakGeaDhCIPA714SiI-KBPQ,THE GABRIEL TV KENYA 
65,UCUIuGaGqU-RnmWydZlJuZtg,MASSA TV OFFICIAL KENYA
66,UCqXZktMR5fmlg3UZ4DKOxxg,Conversations and Plugs Podcast
67,UCwvwwgcbtlmXwzCWsFTVSog,Raw Politics Kenya
68,UCZl1wmqv_5iH7ZRMuQpTanA,KenyanBytes
69,UCxyNFf1kk8cLBvTo3cQT-FA,SHATTA  BWAY
70,UCqzHjklPY_mis5xhp9YtAeg,Africa's Talking
71,UCNqO4Jp5erK5hIV-DUiIw7w,The Somali Comedy Talk Show
72,UCXTiOrTYIjzm363TWMv7V4g,Locked Up podcast 
73,UCPhJoAaKuE6mudt8cdCHPvQ,Sabi Wu
74,UCTOIY__AqDGi6teZJIleITA,InformAction Kenya
75,UCHu1IP70hbRXhBDBUAhwoxg,Elgon TV  Kenya
76,UCPUMDSDu_WC8LVzWjiyVgNQ,Crimeshield Security
77,UCBaLvNQbEVYV3U_SDZl-xVQ,DJ Moz
78,UCfXi6S9HkAAhbYqXC1HRxEg,TWOJAY KENYA 97K
79,UCDwP-xhyrN6jDUkJY91yByA,BBS KENYA TV
80,UCPKfUmuYBnlyQQt3ohViMqg,MATUNDA TV Official
81,UCeEuqgM0QtSrm3fujVn5L_A,Kenya Update News Tv
82,UCvF7Tvumb6umOeMylwLBX7Q,FOOTBALL KE FANS TV
83,UCLEWKcjvTE1fKxjSfZiiTNA,RAS WEZA_B TV
84,UCAMTzTd4HxICgy1TVPeM6AA,KENYA DIGITAL MEDIA
85,UCMGZ14aKUtCSNhM5X2uMUUA,THE CATCH UP KE
86,UCDvAKozNTx0cse12FKLyKpg,NYANZA PODCAST
87,UCAToCtGL9i93fJ9za0NJDFA,ELIZABETH CHITECHI
88,UCEgtSihK7Z5mvc1QgnTePuA,Anyiko Owoko
89,UCmHUbupVGc1P56uD8lRjdxA,GIKUYU F.M PODCAST
90,UCCBEdO5nvLir9K0fce7xEsg,The Millennial Mom Mindset
91,UCytLMzZv_Miq41AgI4D_tdA,JKlive
92,UCGGEWFyd9HJfZcGetEcyiqg,Kenya The Talking Parrot 
93,UCJpr6Je6kwtKri-ImOXNKGQ,Shaping African Conversations
94,UCtMKrYgnJhm_8d25b2kBJNw,KENYAN GROUND 254
95,UCgXe4prON1QEzS3z---yijw,Hyper Tv Kenya
96,UC5mBvssM8BYZfEmS6Zf3j6A,Allan Show
97,UCJY-LPY_ntETwWI8vng6N6w,REMNANT TV KENYA OFFICIAL
98,UCe4JM55SabZuKOIeFVutCkQ,Dave_KE TV.
99,UCP6PWlz_ScWaptw21SUHUNw,VIRAL KENYA
100,UCFhdHy5q231FmP7njOirAfw,BLUE RADIO KENYA
101,UCjbVV8dkPE47FbEZvNkMCJQ,VIBES &VOICES ke
102,UC2I1sbDUDbK_zQFo1tidO0w,FATHER ABRAHAM KENYA
103,UCMZ_HtTSAtV5eMGK2gYiCvQ,Hustle Smart Kenya ðŸ‡°ðŸ‡ª 
104,UCOWJUXtq2rIeKJwy8JAzbGg,Paukwa Podcast
105,UCpg9qhGftKlvI7_nOWT2HHA,VIBES WITH CRAIG 
106,UCyM_kKYAciCS7-dwb4lgKhA,Walking The Streets Podcast
107,UCdORIlD8FOe8TtITAQySGhg,the worst friends podcast
108,UCc0aPEt8MS0ZfelNyzws1rg,Kenya Experience
109,UCG_I1_7wv4_JThPhDF4VPyA,Red Musikk Studios
110,UCEryxcpnbYCkKC4ybUpK72g,FOUL AND ONE
111,UCOHE7q7BOTyzPKWIs_Tg_Tw,unspokenlogicke
112,UCwI_ZxjLVilgC0FvgO8l_uA,Carol Radull
113,UCmvd_3f-zbxfGaWqm1_aO1w,Alphanex Media Kenya
114,UCfo5Or9z7-eSbZZfLUpyiVg,Unprepared to Entrepreneur Podcast Kenya
115,UC26dGdB9JeBWaefTj0RVwBA,Melissa tvðŸ‡°ðŸ‡ªKenya 
116,UCmZrN7f3jasdTBkcDx3gg4Q,NEWS 24 TV KENYA
117,UCEhTMgSdIFhdbrQWZDYYzxQ, THE EPHRAIM JUMA  SHOW. 
118,UCgZAF8r4CltaXXPOLC6WwnQ,Stan on Screen
119,UCHMyvdtvzWT7fcmf4m2ywLQ,Own It Media
120,UCrooc_Wnnb0f8uryCDGdfDg,The SEA Podcast
121,UCGfK7dA15EGUH3ly96wCrnw,The Naomi Talk show with Liz kinyua.
122,UC4orZotHIaboNIVRwn7RqCA,Just call Kruss! Property Agent in Kenya Coas t
123,UCtTR37Xeev6p9pj4EG8gX3Q,Talkchat Podcast-Inside Kenyan Politics
124,UCvzVeagzntSka53Erkj-7Cg,360vybz
125,UCscTM_1Kd5cOdV_bQzfDIyA,Kenyan Muziki
126,UC3ELv4lmYkeIXsZgGVODTUA,Shieri Kimani
127,UC2QlPTsAXZSAwWYmqiPvkgg,Curiosity Chronicles Podcast 
128,UCc8r_zUcDqpEAK87hxysYwA,Kenyan Politics
129,UCRRg-DjQSATFdq5Hd7IPHaQ,Kanjugu Tv
130,UCPM7__rDIYpHQ5hAZg-xf7g,On Period Podcast
131,UC_wEpaDe8rpr9Z3zhi81ETQ,The Golden Voice Live 
132,UCRd0Se6a63LQqr_i67tAeZA,Ruby V
133,UCs3Ay-yJVYeQ8I_KnOXmuZQ,KODJ Podcast
134,UC6KI5HOPQ1zwvI9-GsVBKWQ,KENYA SIHAMI TV
135,UCV0vhwoR7t6TkKqreB7dVpg,ETM TV Kenya
136,UCHaWZ3-WvneHgfKMv9LLeGQ,JUNGLE TALK PODCAST KE
137,UC6MY-1PAVxWrwc1mRhSYwVw,AfriCAN Do!
138,UCLpuOsMbIyOkN493kXl7UuQ,OGA OBINNA TOP FAN
139,UCbSLlb6bgjIbmVd9PBRzpew,LINKEN KENYA
140,UCCNLciW1O0QQ_xrTPf6AANg,BLESS PAUL
141,UCqZTP-hS-zmtAyBajAPMaaA,The Nubianommetry Podcast
142,UC-h-rvM91o4G1m_lKX1xrow,Mema Diary
143,UCyWpeqC72rQnWsrMRRCafXw,Atomic Tv Kenya
144,UCZ1jnmpFRhTZN_IPShyDXmg,99 Degrees Kenya
145,UCIXHS6d9cJr-1THmo4cm65Q,BEYOND THE SEAT WITH AYUMA 
146,UC-Yf0k5O_Ek2ZkJaZPztk4Q,Makku Key
147,UC8DmAZM_vk9kh7T8x7QrjvA,WILOS JOINT BUNGOMA
148,UCAIvsyWnvcftBlW3qlfxSLg,Cre8
149,UCJgNVXQPAKzch6JjeZPEmCg,The Power Dialogue Africa With Zeddy Bariti
150,UCvPn622vsh6a5enS2BD7u6A,OBINNA NKEMJIKA
151,UCKUgRhUnPcerj2E4Yj81rLw,DWA Media TV
152,UCEek9UoKv94Dq7dMSvEbEyA,Mr. Kamau Mwangi
153,UC-mdVgdssHO4KhZGNLZcurw,The Believers Podcast
154,UCQHPCqzlLMq1wZSy2H7osPA,Unlock Your Soul Podcast With Anto Neosoul
155,UCelCe_6vhQ5OxTBGh14oexA,MK7 Media Kenya
156,UCNVRprMdi8S6rLUdhmLOShw,Mwangala  Emmanuel SHOW
157,UC8bdD5fH-WbH_cjuMqUdtFw,Tripple Genge
158,UCV7AZJpFueO7vRIStT4h1pA,Her Well-Being Matters 
159,UCU2eNOxFLTnZjdUCT1e77sQ,OGWEDHI TV
160,UCG0t7yZH2JnXVxRX1cJPSRA,Hot and juicy podcast 
161,UCk5Lf42kWIOYToE0l8OLeqA,Crazy Funniest
162,UCn_3ULn3qLyRzfKKAiFgVJA,BetLion Kenya
163,UCSuJuk8oMinZG0TwBHLKn_w,Nyuzi_Ke
164,UCXt8lSghZXGdE_r6fooIKyg,REAL TALK PODCAST 
165,UCdvkru5YIysg1Jqmd2yUA0Q,Adulting In Generations Podcast
166,UCnYgIU8GhZ4VHOwBeSRguFQ,CAPTAIN MEDIA KENYA ðŸ‡°ðŸ‡ª(254)
167,UCLhChixmuM1foa3jm13g47A,Joy Ogwedhi
168,UCqqOQmfxUErv-wt44IB2dYQ,Based Podcast
169,UC9Zf11b8-fe75kIyqg39f6w,Obinna Precious
170,UC3PZM3eZy8stmK8ToKYdAmw,The Eye Opener Show
171,UCsulLK-464KeACWhArPKx1w,Talks With Mwavali
172,UC_6argTSrgjy6EJp24Uvvnw,Real Rasty Kenya
173,UCuZTHA5RaqiVrnCYmOOv0sQ,BTP Studios Kenya
174,UCkvtZgu9hq-5w-J6QE-XDMg,Women Today Show
175,UCgSaEf5kIRhM3F8n9j2xA2w,ETV Kenya
176,UCOdBdIQ7m6_RDzxkb9aZKwg,Truly Kenya
177,UC_wg2l_J7CMctgLuSL-MJQg,Nairobi talks podcast
178,UCvd7ilvl5_XM3LO8MBVTl8A,HR Consultants In Kenya
179,UCwmTzKdgMODPPVC7aYK1ylg,WADAU TV
180,UC6JsHdLL00eTG0vJZK12rpA,kenyan TrapperðŸ‡°ðŸ‡ª
181,UCJHWxKnyRY3XuUkqUe7_5Dw,CHAT CORNER KE PODCAST.
182,UChk5MFjG7-75D66QMpEtTMg,Rusinga Schools
183,UCvFM9PWz3YMTaSZbJDQeEzg,House of Panache Kenya (HOP KE)
184,UCgcITQlWgVF75Hq8jLA6lng,Joybella the Kenyan Princess
185,UC40TsO6aNWvkRcFrUsfC1oQ,The Untold Truth Podcast 
186,UC8uftNAEAOWnpHLCq8W25RQ,Construction TV Kenya
187,UCcKHgbIgC-Y6sudDHYqpVBA,Kenya News Live TV
188,UCeawWhJDKMg14a2ukwppMCw,Real Radio Podcast
189,UCoIJMhz5v0V2tAOjV10tVPw,RX Motorsport Kenya
190,UClPl-fsL4xeuqUM2EBHmW1A,Surviving Nairobi
191,UCDHbHs5vzw6MISslExqg-KA,KENYA PLAYBOOK
192,UClhL6utroauJxVxARpLHTlQ,NextGenTV Kenya
193,UCNZfiY5BDnfB-Jt-_O0WGmQ,DMRC - KENYA
194,UCnlFo5FZhC5DtNyBld2q3Ow,ERHUB
195,UC09vYIKqxsQj5zbXlrSXvQg,Jeff Koinange (JKLive)
196,UCSOVTASCgK2vq95FlyYCdQA,The Magunga
197,UCexf9IZhmVuXsJtjsYxaq5g,NdovuCloud Podcast
198,UCcf-DoSSEWJQ4KgsuWsUZsw,OBINNA STUDIO KISII
199,UCnl3zcAYmE_FoYQxz810dyA,GOOD CONVERSATIONS KENYA 
200,UC1Q0-GLrGvqrSb6P46lvLsw,Politikali Konekted Podcast
201,UCCBNhMNt_bgrjWLLmwCv2cQ,Tubonge Vijana Talkshow
202,UC3gk4CIUbFzqzbhIRfokcsQ,Africa Climate Conversations
203,UC5Q5A5T33AO9xqy6x2eQNUQ,BUSINESS HOUR KE
204,UC592lDY7n486DxjJ-V4fRdA,The Market Colour Podcast
205,UC8pJADY2aZC7NxOWd2p91QA,Abdijabar speaks .
206,UCNo-ex-Lvy546IHafbCO_kw,Nairobi Sisterhood
207,UCf69QOU0IC6nYRkUpYl314g,Kenya Gossip Club 
208,UCXz4kovLY7XTrzz0OdAFcGQ,The Time Lapse Podcast
209,UChn2OEf89eheVctub7igHnA,Dr. Nelson Obinna
210,UCrMXLjFgSqz5Hc5fXzTeLFw,Liberating Minds Podcast
211,UC41UAIIf2RhEEK4KsONwiaw,Mirror Reflection Kenya
212,UC8_mQivSbUS6yqLB4Tv-UYg,Podcastish Kenya
213,UC8gW2nSrQC3BnbRNceJFkMA,Thoughts_by_OBINNA
214,UCEuWtY7EC1Cz06bRrsiC-Qg,Miss AnaMOYO
215,UCqkncKY01qEYzuTew6YCn9g,Voice of the Streets KE
216,UC6jTUvPZ80xtHnOFFm72-Sw,Bern Gathu - Ayin Studios
217,UCs9VsIl71jwnuThXYC1CSOA,WJTV KENYA
218,UCDmwgVKVcjMJzWB8GIQs_4Q,Rogue Rugby Tv
219,UCGrKh2yP3MpNNuLXcOVc_7Q,GJoe Arts Kenya
220,UC95rL_AnVBXsi8G4W6sSC9g,Anita Santuri
221,UC4PSXAd10zq8Sam0LTRegDQ,YFC Kenya
222,UCAXr6AS1E9VGjXc3B4_Y1IQ,NairoBEERns
223,UCM58J-ijsaQrZIlOpJ7oohQ,Kenyan Powerhouse Tv
224,UC9KSYu8ggh9TSEtn8PSYj1A,OFF PITCH
225,UCeWHEdxJenmXSuObp79pX0A,Yes Girls Podcast
226,UCUhEva2rkO3X7lRnkKuQPwA,wanguiblogger
227,UCyOYvwEZsUEu9D4s9Rdz3pg,DHOF PODCAST
228,UC-BVMGb2qeKv9PIEpZViWDw,Chinju & Obinna
229,UCnUKEIrVi1K6JnoqSMAA3eg,Eden Tv Kenya
230,UCO8vXL5doM6OxjyaV0xgEgg,The KickoffKe Podcast
231,UC46vZxc9dISfLGx_YaghiIg,Otieno Jusper (O.J 5 STAR)
232,UCwqfGTkYjPesHZWNmUbnclg,Bano
233,UCLp2-n1qZJM_gTu4-bv7Ldg,MAISO KENYA 
234,UCXls1_aR1xwKRkdmv3uM-0Q,NGL Podcast
235,UCxXbq4Jiq7MDiN7llYsQGTQ,Unlimited Dialogs
236,UC06Ngt_b8KX7LE0KocBlVmQ,The Horror Fan Club Kenya
237,UCypaSy5V2EkRrJMLU_8HRew,The Sporty Process - Kenya
238,UC9sqdV_GgU-GQtYpiZwMI5g,WATAWIK PODCAST
239,UC6e2PiCx9wKxuuY91CJHBLA,Jklive
240,UCrC8lFRvBCfA0CilkuYQixA,The Kenyan Fudge
241,UCUFVlZ7O2UeyeT_9jXLM-oA,Jill & Cess
242,UCnq4TCoyVifDsKCouqop-1A,My Side of the Story Podcast 
243,UCzNUuhS2llKPPD2rdeJtQGw,Kenya's Market Map
244,UC18w_xnc2w8UrSJ1_t2WQqw,Ganji Podcast
245,UCosX5ImhzlS-KBiYzL-K1hw,Husbands 2bee Podcast 
246,UClDztAXV3mXNMuWfRE3D4rg,VAN THE DEEJAY KENYA
247,UCe966ku6VrF9s1eg5dU2oNw,Jeff Koinange Vlogs
248,UCYj2gYSkV0bLXUFZ9nRKzMA,TROKE STUDIOS 
249,UCAxrqSUvDoB_Pi9hycjHqIA,SETH CRESCENDO KIDS (KENYA-RWANDA)
250,UCJxVjWzvAuZN2BviIkeUBOQ,JICHO KENYA
251,UCCDY05Zg98dvL5tHY1Q4dDA,The Confident One podcast 
252,UCrDsWbLyKrRWMUbGc4hrPJg,Street love Tv kenya
253,UCkYImb1_LhVazz00AxqtO0Q,The ConverZation Podcast
254,UC0jR50r5ZeuZQofJIhy9vPg,The Vault KENYA
255,UC23D2kWB-EqRFDnpn2M4UOw,Nothing Underneath Podcast
256,UCaBsJ49LoB2d_UeiVJ3b9CQ,Kush Moments Podcast
257,UCIvSvvp_-NMYrUiywGqOuvA,THE VYNIL SPACE KE
258,UCFJd14bFWLiYrKHyKwemLsA,EHS Unplugged Podcast
259,UCkbeYW3Wd822rMzAtoIpKOw,OTILAB MARK KENYA
260,UCIhy5WlhsPt1CFuA6ok6PqQ,EVCTV KENYA
261,UCV-BcE3H626y-6QMCyFX4Nw,Tangawizi Podcast
262,UCNtQLFxwamKw1Jw2Z2HbF6g,News and Stories From Kenya
263,UCyMnLRiRgmN1dnWFrrFszrg,The Hope Foundation Kenya
264,UCpOIpMZMoOpV-H-ypvkWkNw,Majeshi Mosteducated
265,UC8-3RBy_yf0NkyMoaqp1Ohg,Terry Njoroge
266,UCLwD7aMSjispS8JOy7FQB8w,SISIBO Podcast 
267,UCpB5-0nDAnyKemrt4lo6uNg,Amnesty International Kenya
268,UCdg7ZEP849Efq3aOg0Iy0YQ,Grief Angels Podcast
269,UCM1eHYPv9-OdjmMiridAi-Q,BAADA YA SUMMIT PODCAST
270,UCUEeF2Ra03--4DwXrxEwe7A,The We Crew Podcast
271,UCY5WNXc-aguJ9WDb2rI1_Ag,Unspoken Podcast KE
272,UCTP9pZ4gYjuyJ3EG9GkuGOQ,Gonmen Mbogi Weedy
273,UCFkuwRSXjRX_QNuvZNKS5qA,Kenya Political Lens 
274,UC1opVgOIPpOiHcZu1kG2jFg,The Real 20-Somethings Podcast
275,UCPqXJneCfdA6FNRfBBN9Nwg,KENYA FOTOS 
276,UCryoF-7-KqLxbbJO5nAEZJQ,The Nairobi Podcast
277,UCrvnOR1Au66dY1Dylde2Hfg,Kenyan Design Konversations
278,UC7lLi4ftq-c6IBP9L6yN_zA,The Board Podcast KE
279,UCcjI1F5VcS_bks2LLk2gExw,Unslated Kenya
280,UCdTl3OaWU7bQZdMj9a6Kp5Q,Tuff Podcast Kenya
281,UC-5pKUXR190KPTPPt1CBHOA,MNO Advocates LLP
282,UC8DiPHbCmONIn3dJq5mIrrQ,KENYAN ONE _MEDIA
283,UC8M3vlX5wVFvZdieRLnaVGQ,UWEZO TV KENYA
284,UCzPLOpBdxIhawMI2iNsTj9Q,369 Degrees
285,UCoEHWG0Qpo0oTCOOWDUMFGA,MAA NATION  TV [ KENYA]
286,UCkvFdpqz7VN-MXsv_r_5m9A,Catalyst podcast
287,UCjW8_rN3vyoJ3Fq-Kjry67g,Kenya Karaoke
288,UCAl8AadAoOYAigSx_jbD48A,Jafar Talk Show
289,UCjquYm2XTSue90rCRalBvSQ,YOUNG UNSWEET PODCAST 
290,UCSURNSMH_Z58T0x1qEPxixA,KENYA DIGITAL NEWS
291,UCt3KCsRFFkJsAJjB-y4Erhw,Kelly Tv Entertainment
292,UCVpbXLIFWPrCGitU1YQqgJw,Fahamu Kenya TV
293,UCoOE5k5gTXdLMoeEBxfeLRw,Coach Kenya 
294,UCQa5eabBeGYkfQTW90KUg9w,Mastori Podcast
295,UCSO7u4g2PosHj6eK2ceYn6w,Sema Walai Podcast
296,UCqwKbbC8RQFjA__Qs2gJpVw,Untold Echoes Podcast
297,UCCLU0mbHY0YlckLI9CAZJHw,Watalii podcast
298,UCbUHmNI8_k9liI_Xgo-pzzg,The East Africa Business Podcast
299,UCHdIA4Jv8bzbLQ7BWVVzbjg,G - MAN TV
300,UC9NUdIEdAW8_i431UtZGI2Q,Africa Podfest
301,UCt3O9c9h1HvVWYXMPHmmdTg,013 PODCAST KENYA
302,UClgmCvlZcVXMqPixzNH0vjQ,The Safari 
303,UCy7J9Rd6J8chvr57MkKCV6A,Slum TV Africa
304,UC0Zhxf3TeHmWMS431pq2K2Q,D kenya
305,UC2sRHuPPvsE-qDdmAZ4JIBA,Mocha TV Kenya
306,UCubg6qY6A2Jy0iZsr9duN8A,Daisy Dee Kenya
307,UC7v1bGiZPMdQM8P8VhU0ckA,Diversity With Diana Podcast
308,UCDcj63orAsaNYQhyX3JOq2Q,Vipaji Kenya
309,UCPaYBZ9swd_KVkVhWzS7B2A,COLO THEE GAMECHANGER
310,UCx8WPWTnx2mCZvWytl1GKpA,Influenzatv Kenya
311,UCVCExgifejpjkCfalJ39B7A,The Infornights Podcast
312,UCzfbYEyEYV4evBjTzCC7EEg,Heartbeat Chronicles Podcast 
313,UC907QCNyz1qncxDWvnKrwmQ,MAGRIPH CLASSICS
314,UCAXMZJNhsk5sQJ8b0Jms8Fg,Lofer Media Kenya
315,UCKF4RCmR4WQoVzzvjG71k5Q,The What Even Podcast
316,UCrji_QyQem-MX-s9yMxlf9w,The Ideal Corner
317,UCJh8oluuPbyUA5jSXgNxGBw,The Hood Mom Podcast
318,UCkBGZrOZBNu-V2oGvjmjAHQ,Reel Talk KE
319,UC6ZWiMlMB-YRonMmhEvh-LA,Hustle Talk Show Kenya By Ezra B. Obong'o
320,UCEioZNJoAjcycW-0I-eMnUg,Point 254 Podcast
321,UCPwOfm9LbDfr5Azj1IuFUpQ,KVF - KENYA VOLLEYBALL FEDERATION
322,UCj2rHyi6HVuZdYxs2ofuCJw,The Presidents Award - Kenya
323,UCfm63b7RoyN0Tu2FUDLBC1Q,Grownus
324,UCmgTVxqV0SCXVfqxFfFp85w,HUSTLE DIARIES KENYA.
325,UCElsoUs_l5pW3mIy99STaLg,OUTSOURCE TALK SHOW
326,UCSb-IMJOi7gjXW93XyFlwQw,The Catalyst Corner Podcast
327,UCoJpBKK-3a8U4yQI6Iq2P8g,Dama's WALK THE TALK
328,UC4Ob5nbk3vfi5JN0Zx5keFQ,Adelphoi Podcast
329,UCJnDcaiU2ys7qM8kFAUOuJw,Sisters in Law Podcast
330,UCY9Yh1RrnfdlH0np724DWaA,Words on Wellness with KenyanPoet
331,UCdzHOcTYRlMRKHTfWIq-8ew,FOOTBALL TALK SHOW Ke.
332,UCO3N8bMrD7TVQROxnb4Jfog,Cynthia Abdallah
333,UCeq9QRcC7r7qbr7AYBK6mWQ,The Tumesota Podcast
334,UCy8fllbFPyr_4VmYqIu-NRg,Jibonge Podcast Show
335,UCw9uKGAKTq2fbUvT8JGRD_g,KIBALI LOUNGE
336,UC5Y0Y-YM007a6Uhu1e-OLOw,Just Being A Girl Podcast
337,UCGJV6vRS5V4Ch1IxslkMH5Q,Kenyan_Diaspora_Returnee
338,UCVE5ZQ9R34FUif1-8-pt7Gw,On A Friday Podcast
339,UClh66xYJH6XpMgtnFhQbtrQ,Healthy U
340,UCw3tWUlt1SeMQJ5Y3r2HsaA,2deep storyz 
341,UCNq8u-ao6lGJsHMxCwSO2uw,Suzie Mokua-nyams kenya
342,UCxK0joFwR3ZkjtRodQcVbQw,Let's Talk Kenya Official ðŸ‡°ðŸ‡ª
343,UCg2fH58AkDQcPgJ95afsctg,Benzo TV KENYA 
344,UCSgWja1bPkJbv9F26OEdw4A,The Street Show (T.s.s)
345,UC7-ma-_HT2--L9AcoTGrvPw,Kali Media
346,UCuS9TixNxtCU8X9FK9MEKUQ,NimeGrow Podcast
347,UC_mLqcMV-ZAoMNHPlL9UKOw,RollerCoastars Podcast
348,UCn5OpAOoUKrzKDk7ak1S5-A,Cheers and Chats Podcast
349,UCbJUMBdi6OlVD-t3U42SwMA,Kenya Thomas - Producer/Editor/On-Camera Talent
350,UC5Z-TVLTHDWOZbzpDcVfYqQ,Made to Make KE
351,UCnVyL0xE6oA_o0DTJqQo_vw,SOUL 2 SOUL KENYA.
352,UCvc04jv35ktW-4Cgtm8g-xA,PARLIAMENTAL PODCAST 
353,UCe-AzlvpCvBzWlg45zJ00RQ,Agrifoods Podcast
354,UCcCdi-_G2i5bY2_38VV--6w,The Mic Cheque
355,UCJHS9Fm-3eExVxlyctop3Ew,The Mababu Podcast KE
356,UCJfhNbRLAttZL_NfzW3UThA,The Vulnerable Scientist Podcast
357,UClNbO3mUb_tckBGY9Nd7zhw,Viral Politics Kenya Tv
358,UCGaYSf2V9K0ZA1Fxl7vBMAA,OTR Podcast KE
359,UCFMma0gjV8KxytlX8Pijn7g,GENZ talk show  Kenya 
360,UCG2rw20Bfl7cpa92aXVTcyg,BeyondTheClassPodcast
361,UCb_US7tQlvX6F82iKTrL5rw,Business of medicine Ke
362,UCYcynN2gZOjVEUrQEissJEw,The Kenyan Life Podcast
363,UCUwy2Wfv-XpT_xfXuUB9Umw,The Bodcast-Kenya (The Bodcast Ke)
364,UCcSOIuM0lWRvN_P6TcKJD2A,Hash Out
365,UCHm4c8oasU7YWm7SRK4Jmwg,The Kenyan Agenda.
366,UCNFRIv6Nl3yfz8WXZnOOKwA,Minet Kenya
367,UCKOl_OfpDTnfo5WMmC2yn7w,Kenya Children's Fund
368,UCgtyBQWN1drGBjdDIOtYRsA,LOCKDOWN PODCAST KE
369,UCHi2IDU3rEN9w6b5odRCUrw,Vibe And Play Session
370,UCnx1O2QvswKgKJNJ6ilR1Wg,MBOKA PODCAST KENYA
371,UCx1zHyOUEEv4cuBIYgFBx-Q,Art The Workshop
372,UCx_DaCq9qs5LypmvE_wyiYQ,Anthony Maina
373,UC7cGVXhRnS2bM3v9L-0DLIw,Chronicles za Kombi podcast 
374,UCQ24uZv0RM0OyhaxTfJavnQ, Lazy Hour Media
375,UCs9WpbGkIo7J3XHt8jT-T_w,Shannie M Kenya
376,UCknc8xFo_URE8dE0RFK_FPw,KENYA UNDER ONE GOD
377,UCpA0Njwgu9geCiLSb0fzsjg,AberryKE
378,UC_trTaoXH2jU0Go_0SeGZqw,KENYA NEWS FLICKS
379,UCPXjfklySf9QxPD4NI-VSeg,Tech Magazine Kenya
380,UCdD7rdu5t-byfQmjr8UqPtA,JBWM Podcast
381,UCraJ6OJhQszVn8K9AaVx0VA,Kenya Footvolley League TV
382,UCumnLj5v0tizEM9icQM9mcw,Kisanga Podcast
383,UCDbBuDuZzkCixU3LsXzd-zg,THE BROTHERHOOD CHRONICLES
384,UC0VlfHjvLCFwxEeX_DVrzbw,Kenya Society of Care leavers (KESCA)
385,UCO32RiTSHcJpayLM3-q-wvg,Spicy Tv Kenya 
386,UCyr9a20DTEi4b0Z8f3pB07Q,Kapital wthK
387,UCF3HZ237fm6t6BpyOtkY9Nw,Kenyan glam 
388,UCogqOcjRlCpnKWiMovfc_Lg,NBOFITNESS | Nairobi Fitness Consulting 
389,UC3310z-n4ygOCG52kYVlGeA,thebrawtalkPodcast
390,UCri3BrrOray2sqJR1c9HwRw,TV3 Kenya
391,UCgdRowIJ9QiuDdWvpWnzLcQ,Campus Unwind Podcast
392,UCsYcfM5CCH_yT-NFPPor0-w,THE DICED PODCAST
393,UChkRmkrQODTNMaVBh1-KPnw,Money Tales Podcast
394,UCFZC--Uch-eZZ1LPNSVDMQQ,MASTERCLASS KENYA
395,UCMfFcuAxcNIUGWr8JZplbTg,Kenya Cycling News
396,UC8ykzD5JNtAXWPmowHK_xNA,Miss Irene ðŸ‘‘
397,UCIawERguqmU8wV5d3JIvKPQ,ShikundiTalks
398,UCCU6P2ZLubIq5iHWml3wOVA,MaYouth Kenya (Podcast)
399,UC2UFz_WWMorIcHwTqWWVzMw,EVE MEDIA KENYA LIVE
400,UCapiCmInDJJQfa9BBKQvlRQ,HOT NEWS LIVE  254
401,UC-JM1CAS0aYR-Cd8VClmGGQ,VPCreations
402,UCvm1ERs7iA7PzfM93oSPffg,Smile Foundation Kenya
403,UC0Kg_Hnxjz6IgiHGRY7EtxA,The Grid Start Podcast
404,UCdtWerEASa5ffuxjNLYPzCQ,Immaculata Television Kenya
405,UCG7sVmGdGifbY12REDk2yYA,Vuejs Kenya
406,UCtaIVeYHBVLY2ZRj5PsDJww,SHERIFF TV KENYA
407,UCe4d-sGWyQKrfyPUn19yfZg,GRAND TV KENYA
408,UC4t5_72C0Qrb92iqu-Dn_xw,OTIENOBRIGHT MEDIA KENYA 
409,UCQHMFTu4cBF6h9hr20y1oqA,UNMUTED PODCAST
410,UCjiauAGz9EsDiExfB6vnJig,CUZO NEWS KENYAðŸ‡°ðŸ‡ª
411,UCm2RxKrXj1iunbIZs5Amg7Q,Ian Mboya
412,UCIETEJXXoss7zhor5i-cEmA,Wazalendo Hockey-Kenya
413,UCukwlkzx-JDqdn_tmYZ3Fcg,Football For The Fans Podcast
414,UCUOMTkVoBd1f_T83i9ijzYQ,Super MC Amoke
415,UCBK-ifGWGz_vZk4RNdo6J0A,The BallPox Podcast
416,UCTjiiQDF6jAeHmsP_7zsrEg,Papah Seth TV Kenya.
417,UCR3T4osWyJ6Jhkz6w5EeEKg,Kenya Trends Podcast
418,UCEmRs9x2_PTzj1G-fhpinzw,Vibes With Dee
419,UCq6wvkldtEvdklrfJnhLUWw,Medico Kenya
420,UCxrnuPpbDqF-xfhxETgOXZw,Galaxy Podcast Kenya
421,UC8l13vMnTv5Th_EHKY0mTtA,Same Difference Podcast KE
422,UCzSsL6Lfn6pLdL785yf72Cg,ALIVE PODCAST AFRICA
423,UC4E7Ma8_Jp8d42bV2_wBlnA,Feda Kenya
424,UColxbxusl_Sl2aL_y3ulweQ,BoxOfTools live better
425,UC_NCJNYB0sVgjHZrW7lcYPw,Kenya News Media KNM
426,UCHUPhp25rRMABZFo1ez_vKQ,Call A Spade
427,UC6ykVEcJBh6t_U4hPY3zMWw,Sheloh Talk
428,UCGODUXPLZuI_LJWhjKbSX9Q,kenya street
429,UC_JXNZ74vEqZere1sAkiicA,The Kenyan podcast
430,UCLN8C4QvAofqLEGQbvMyr7w,Small Talk Podcast
431,UCCJbCCiZBJBN6qhBh2Qleqg,KENDAT Kenya
432,UCWqQ_4hBStnzHSdNsu_D1Dg,Generation Utachizi
433,UC_Xg1bgPH1hPHTvnhwOe2pg,Kenya News Podcast
434,UCi7Yna7QQPuRW22SRo-qPuA,Kenya Highschools Dance 360
435,UCRmgnkF_WtZTwpusqvuNcxQ,Kenya Artist
436,UCICKrUlpBQUrfyB9p-mXXnw,Baraka Media Kenya
437,UCG4alNwXXPfiJzOfYv0oe2A,NOW WHAT? Kenyan Podcast 
438,UClRmHlJwLWLVPZ6VDK7pw9Q,The Liminal Mind Podcast
439,UCrFqEGjHhKUTuLZbGSUOVxA,THE BTM PODCAST 
440,UCObqiWrMy8e9VW-_OkL2OOA,MASCOLOGY
441,UCJp0kJVeSjY0kMMJ5FdSH2w,Zero Clue Podcast
442,UCa8Ga2SX3kceGtycY3z-cvg,Tested&Exposed 
443,UCqIGpvGp0-y0FYo1SSw4aGg,MANCAST PODCAST KE
444,UCBmYVLDc68PggXomgJAmgdw,Utajua Hujui Podcast
445,UCf3tfnXNENhHnxXI4k1iZZA,iO Kenya Podcast
446,UC_Z62_Gelo8eoWVAY-Tvlwg,KENYAN PODCAST SHOW
447,UCv4RG7ny8aBpSMT5gFwtCUA,SportsBiz Unwrapped Podcast
448,UCIcPFjyHopFN5Lc8TJHYExA,Sunperky Films & Studios
449,UC3mHh-WPSt_XVdwDn9yBlgw,I Really Hoop Podcast
450,UCIAwDYZ_BtTJqQVIchH_fHg,Get Your Bag Right Podcast
451,UCnZvXVh5cyyNdfCSXHlVSPw,UNCUT MEDIA  KENYA
452,UCeLWWBhMH6Zdk3Ee46LLzWg,Fool Filled Podcast 
453,UCLzPLbSdk45Mk8Ihl6tXqEQ,The RM podcast
454,UCVH4uT68iUDTsuxwfThtpSA,Kenya Prime
455,UCYzgb4d9R5l5ZFcV8linbtg,Gooners Digest Podcast
456,UCiTp4SvVy64yIv--_gayjiw,The Wake & Bake minors podcast
457,UC3sjUr9z1ek9DOKOsupkvgg,Lameck@A.D.C Kenya
458,UCUOnQfqvGHF7lh5JD5sZ2Cg,Elders Podcast
459,UC6Ck9GUjE3O74rDSTVUQmww,Dandy Tv Kenya
460,UCFpkcATR1IRtmZ22FHyRtHw,Freeman Tv KenyaðŸ‡°ðŸ‡ª
461,UCdrqZMMJfU0BL40-p-N83dw,jklive
462,UCzEMijHEsALzaOxgYvp6gug,Onside
463,UCojbm7CcNaT8QKImWVISTDA,PRINCENOEL_TRENDS
464,UCaizVRxVijDtHZMxGdR-x6A,Wo_ke Podcast
465,UCDcAseGp7biF9BEI9WxMNng,Wilburn Sports Show 
466,UC2lrtnEinwxTVr4R1L_wNfw,SNT Podcast.
467,UCGg5B0VSNDlWG6W9S4rWXJA,kenya music media
468,UC0PmCWtg-MGF5v8wi1CYpww,Kenyan Trends ðŸ“º 
469,UCQ-Uy0hAYWKEkrvEKeRG_YQ,Director Swach
470,UCOh9SrQrwiX5m5iXWb5HgYQ,Savvy Kenya
471,UCHihe1jaFXp7busB3qkKuiQ,Jay-FOX NEWS
472,UCBRqo-klQtNawFOpAi-eFPw,Communist Party Kenya
473,UCRYYq_AKCechtaQi0XukAPg,Anchor Media Kenya
474,UC1H6lkJhpy48y7bgH2TxgWg,RADIO NGOMA 90.7
475,UCVO3w6nE0wEr31YmM-tFQkw,KENYA TRENDS
476,UCog_OzaT9O-xO6F5iRZlr3Q,Toboa Podcast 
477,UCIOUL1diMz5ZEl1OUJu3Utg,Wanzila Tv Kenya
478,UC2SlnQbbKPvrEcIr67Rr8Lg,Property in kenya
479,UC8e7uAJGREWW_yu-XTXgwsg,Spirit talks with Obinna
480,UC5plWUIK50i03T5vCOQHIfw,Studio21 Kenya
481,UC7qVHFnZbwzjy2aAXtXljkA,Kenya News Podcast
482,UCliO7IBZRnQ7Y77gfsH6jMg,The Gen Z CEO Podcast
483,UCl8h4rPkaqWoreM0SsTTKQw,KE Experience 
484,UC0P2LiwXIJ6TqErD4c82ezg,254 Millennial Talk 
485,UC0mMOQsmrOmvr3Pq9anxtag,The Youth Parliament of Kenya (YPK)
486,UCHVWSbpyLAt8QVRG1X2M7eQ,Radio Mabingwa
487,UC9SnsF4x-VJgByNSRLp7nBQ,The High Talk Kenya
488,UC67a6hqJvnMlfuq7TO3AbsA,The Road Safety Podcast
489,UCQYwo9YoOTMQ9rjAWYOTo3A,Nairobi
490,UCj4rbjcVFeFOu83LdJV88bQ,limitless x Podcast show 
491,UCs-6z0zNjhZ8ruC3Das0w-g,Ni Life Conversations
492,UCAHHbONRnpmskRM0rZ3gwfA,A TV
493,UC27rQJvEHkHuI2gQiP9_OPg,Brohuskii
494,UC_IL8AYf0O-JrqtQwGkQrRQ,citizen news live
495,UCYi4QdrP-vPkbJ2rN0Pb35g,Kenyan Love Talks & Advice podcast
496,UCp9jENw_AvQnHqR7JkI8LqQ,state of the union podcast
497,UCXmpaMwcnfPE4hsZQodLedQ,Kenyan Gooners Podcast
498,UCQH2k-AApK3-jtFZ--sf3VA,ANTV KENYA
499,UCPoQkDiq6Bp7lbO-imj-GcQ,The Health Report Kenya
500,UC-VZ5KXKAE_57S_R7pthglw,Inside Scoop podcast KE
