rank,channel_id,channel_name,channel_url,subscribers,video_count,views_total,country,classification,latest_video_id,latest_video_title,latest_video_thumbnail,latest_video_published_at,latest_video_duration_sec,latest_video_views,generated_at_utc
1,UChBQgieUidXV1CmDxSdRm3g,Citizen TV Kenya,https://www.youtube.com/channel/UChBQgieUidXV1CmDxSdRm3g,,,,,,Le7cxWKMHPw,Diaspora Connect | Part 2 | 11th October 2025,https://i1.ytimg.com/vi/Le7cxWKMHPw/hqdefault.jpg,2025-10-11T21:17:56.000Z,2371,151,2025-10-12T02:15:08.232Z
2,UCKVsdeoHExltrWMuK0hOWmg,KTN News Kenya,https://www.youtube.com/channel/UCKVsdeoHExltrWMuK0hOWmg,,,,,,N2Ov-vIJQnw,The Football Slip: Recapping the week,https://i3.ytimg.com/vi/N2Ov-vIJQnw/hqdefault.jpg,2025-10-10T21:00:34.000Z,2815,71,2025-10-12T02:15:08.232Z
3,UCqBJ47FjJcl61fmSbcadAVg,NTV Kenya,https://www.youtube.com/channel/UCqBJ47FjJcl61fmSbcadAVg,,,,,,pMRLhwD2lIw,The Last Word | Is Kenya winning the war on HIV and AIDS?,https://i1.ytimg.com/vi/pMRLhwD2lIw/hqdefault.jpg,2025-10-07T20:19:01.000Z,5084,537,2025-10-12T02:15:08.232Z
4,UCZlNMLTVNxzwB0axilK-rDw,Inooro TV,https://www.youtube.com/channel/UCZlNMLTVNxzwB0axilK-rDw,,,,,,eO1VNA_FkA4,#iNooroTVLive,https://i2.ytimg.com/vi/eO1VNA_FkA4/hqdefault.jpg,2025-10-11T19:15:55.000Z,11440,32862,2025-10-12T02:15:08.232Z
5,UCdYjYt4YGhEbCGMv1fbv0pg,Ebru TV Kenya,https://www.youtube.com/channel/UCdYjYt4YGhEbCGMv1fbv0pg,,,,,,o1znoB5h0Ec,Mechi ya Masaa 5? Huyu Dada Anaweka Standard Mpya!  MUST WATCH #ebruperfectmatch,https://i4.ytimg.com/vi/o1znoB5h0Ec/hqdefault.jpg,2025-10-11T16:30:16.000Z,3084,2104,2025-10-12T02:15:08.232Z
6,UCl6ICaB9meBcSMQ5Zmr446g,Tuko / Tuco - Kenya,https://www.youtube.com/channel/UCl6ICaB9meBcSMQ5Zmr446g,,,,,,TC2HAjlHAPw,The 'prophet' uses evil spirits to make followers loyal | Tuko TV,https://i1.ytimg.com/vi/TC2HAjlHAPw/hqdefault.jpg,2025-10-10T06:00:33.000Z,3042,31333,2025-10-12T02:15:08.232Z
7,UCUhrpGr_luwUzVaxiW5Jkhw,Switch TV,https://www.youtube.com/channel/UCUhrpGr_luwUzVaxiW5Jkhw,,,,,,S40hXB9diKQ,SWITCH TV KENYA,https://i4.ytimg.com/vi/S40hXB9diKQ/hqdefault.jpg,2025-10-06T05:38:17.000Z,660,916,2025-10-12T02:15:08.232Z
8,UCa2gldA2ivhzMwIJRA5683w,Lynn Ngugi,https://www.youtube.com/channel/UCa2gldA2ivhzMwIJRA5683w,,,,,,pOwreDeHb3g,The Betrayal Of Haiti : How the West Destroyed The First Black Republic &amp; Richest Colony on Earth,https://i1.ytimg.com/vi/pOwreDeHb3g/hqdefault.jpg,2025-10-09T08:10:01.000Z,3731,40467,2025-10-12T02:15:08.232Z
9,UCZ6r5PvXtieU9L0B2vh_ekg,Kenya Diaspora Media USA,https://www.youtube.com/channel/UCZ6r5PvXtieU9L0B2vh_ekg,,,,,,VZgsI_eoqIM,IS IT A GHOST OR WHO OPENS THE DOOR FOR HIM ? EVELYN OPENS UP ON SHOCKING THINGS HIS BROTHER DOES,https://i3.ytimg.com/vi/VZgsI_eoqIM/hqdefault.jpg,2025-10-11T16:37:31.000Z,3502,4250,2025-10-12T02:15:08.232Z
10,UC4tjY2tTltEKePusozUxtSA,Abel Mutua,https://www.youtube.com/channel/UC4tjY2tTltEKePusozUxtSA,,,,,,gf-dpamMc9k,Samsung Z Fold Folded in 15 Min || Mkurugenzi Minisode 11 Ep 7,https://i4.ytimg.com/vi/gf-dpamMc9k/hqdefault.jpg,2025-10-08T17:15:07.000Z,1177,155433,2025-10-12T02:15:08.232Z
11,UCOsHyjujol57SIFR0imyEKQ,Radio Jambo KENYA,https://www.youtube.com/channel/UCOsHyjujol57SIFR0imyEKQ,,,,,,gGhECRzRd0k,PATANISHO - MKE WANGU AMEANZA KUPENDANA NA KIJANA MMOJA WA KUPIKA CHAPATI KWA BARABARA,https://i4.ytimg.com/vi/gGhECRzRd0k/hqdefault.jpg,2025-10-10T06:30:23.000Z,1216,7764,2025-10-12T02:15:08.232Z
12,UC_9xRXWjRrz_Jy7SWhUnBBw,Obinna TV Extra,https://www.youtube.com/channel/UC_9xRXWjRrz_Jy7SWhUnBBw,,,,,,mNJgTW5Hm1o,NOT EVERYONE CAN HANDLE THE INTERNET - Dj Shiti,https://i2.ytimg.com/vi/mNJgTW5Hm1o/hqdefault.jpg,2025-10-11T13:00:06.000Z,922,1390,2025-10-12T02:15:08.232Z
13,UCsURxs8Kz_qzezpicj-STyw,Capital FM Kenya,https://www.youtube.com/channel/UCsURxs8Kz_qzezpicj-STyw,,,,,,SefwwjExIWM,Capital in the Morning:  DEVOLUTION &amp; DEVELOPMENT Gov Ahmed Abudullahi,https://i4.ytimg.com/vi/SefwwjExIWM/hqdefault.jpg,2025-10-09T18:18:13.000Z,5024,1032,2025-10-12T02:15:08.232Z
14,UCZD5OZHEyYG60lF8SBh_JVQ,Dee Mwango,https://www.youtube.com/channel/UCZD5OZHEyYG60lF8SBh_JVQ,,,,,,KLfTbbIyfxQ,OMG !! I Can't Believe it Finally !! Happiness Overload !! New Beginning,https://i4.ytimg.com/vi/KLfTbbIyfxQ/hqdefault.jpg,2025-10-11T18:00:05.000Z,3069,8844,2025-10-12T02:15:08.232Z
15,UC0kFUQNwtbKJlfzTfj4x4YQ,SpiceFM,https://www.youtube.com/channel/UC0kFUQNwtbKJlfzTfj4x4YQ,,,,,,pnQ66rV2o0M,"#PitchsideOnSpice, your premium sports show",https://i1.ytimg.com/vi/pnQ66rV2o0M/hqdefault.jpg,2025-10-12T02:13:35.000Z,2320,157,2025-10-12T02:15:08.232Z
16,UCSYUI0C0gG-Kp03GBaO2G9Q,Financial Faiz,https://www.youtube.com/channel/UCSYUI0C0gG-Kp03GBaO2G9Q,,,,,,-i_AEhby-WQ,[DAFF:E12] Belanjawan 2026: Antara pengurangan subsidi dan harapan ekonomi baharu,https://i2.ytimg.com/vi/-i_AEhby-WQ/hqdefault.jpg,2025-10-09T23:00:11.000Z,3100,9905,2025-10-12T02:15:08.232Z
17,UC7h4tUtdH0L06sDZVmBMc4Q,The Good Company KE,https://www.youtube.com/channel/UC7h4tUtdH0L06sDZVmBMc4Q,,,,,,gGx94Wi-i6w,#327 - No Snakes On My Shoulders - The Mics Are Open,https://i4.ytimg.com/vi/gGx94Wi-i6w/hqdefault.jpg,2025-10-10T07:00:10.000Z,4622,3961,2025-10-12T02:15:08.232Z
18,UC5h4-WH0LAV4CWs380yM33A,Iko Nini Podcast,https://www.youtube.com/channel/UC5h4-WH0LAV4CWs380yM33A,,,,,,gy0iKG4RiSA,"Billionaire mindset, Money &amp; Mistakes: Bar Bill Jail! (Financial Lessons You NEED)&quot;",https://i4.ytimg.com/vi/gy0iKG4RiSA/hqdefault.jpg,2025-10-11T07:00:42.000Z,4072,11607,2025-10-12T02:15:08.232Z
19,UCdsam40dq88HGkyIGsMFAsQ,JEFF KURIA,https://www.youtube.com/channel/UCdsam40dq88HGkyIGsMFAsQ,,,,,,xxD2I8SsnLo,MEET MBURU MATHURI THE COMEDIAN MIMICKING RADIO PERSONALITIES,https://i1.ytimg.com/vi/xxD2I8SsnLo/hqdefault.jpg,2025-10-10T13:00:06.000Z,2033,10429,2025-10-12T02:15:08.232Z
20,UCHBIm_ITwYy_FG9iIfIZxGQ,Akili TV,,,,,,,,,,,,,2025-10-12T02:15:08.232Z
21,UCFjDXCjGIhYyAYI_zF-a9iA,The BOLD ,https://www.youtube.com/channel/UCFjDXCjGIhYyAYI_zF-a9iA,,,,,,syLCFpalj9E,Ruto-Waiguru Mt Kenya SPLIT Scheme EXPLODES in Embu Rally as Kuria JOINS Rigathi DCP,https://i4.ytimg.com/vi/syLCFpalj9E/hqdefault.jpg,2025-10-12T01:48:13.000Z,1547,218,2025-10-12T02:15:08.232Z
22,UC9xBLAzNAgV9SfnJuXhGnOw,CTA - Cleaning The Airwaves,https://www.youtube.com/channel/UC9xBLAzNAgV9SfnJuXhGnOw,,,,,,4GA6WNIC0Ms,1989. Leading Wise‚Äôs Customer Support for Europe &amp; UK - Ciddy Arodi,https://i1.ytimg.com/vi/4GA6WNIC0Ms/hqdefault.jpg,2025-10-11T11:29:48.000Z,1820,173,2025-10-12T02:15:08.232Z
23,UCeikCJsdGgJq6ktZy5dMbhQ,Spm Buzz,https://www.youtube.com/channel/UCeikCJsdGgJq6ktZy5dMbhQ,,,,,,I704pqvC1EQ,15M WORTH GIFT|| MS MUENI‚ÄôS BIRTHDAY GIFT TO HUSBAND BOLO,https://i2.ytimg.com/vi/I704pqvC1EQ/hqdefault.jpg,2025-10-07T16:49:14.000Z,1092,721,2025-10-12T02:15:08.232Z
24,UCd5mKY1HUcDBySXgK1lYUvg,Radio Citizen,https://www.youtube.com/channel/UCd5mKY1HUcDBySXgK1lYUvg,,,,,,whBVSprb6rI,Ndoto Ya Kuja Nairobi Ilivyotimia Part. 1,https://i4.ytimg.com/vi/whBVSprb6rI/hqdefault.jpg,2025-10-09T18:19:18.000Z,1178,61,2025-10-12T02:15:08.232Z
25,UC0dh507-Aqm9WQIg1vnhW9A,Muhia Wa Maingi Media,https://www.youtube.com/channel/UC0dh507-Aqm9WQIg1vnhW9A,,,,,,2_dvWPDVqpM,Nikii kiratuma thirikari akire na ndeto ya Raila. Akenya maya nimo maundu maria murabangiruo,https://i3.ytimg.com/vi/2_dvWPDVqpM/hqdefault.jpg,2025-10-10T15:00:06.000Z,3862,18595,2025-10-12T02:15:08.232Z
26,UCD-Mf4F5ZQ1Jw-nb2gqD1mw,Engage Talk,https://www.youtube.com/channel/UCD-Mf4F5ZQ1Jw-nb2gqD1mw,,,,,,BThv-iHJnNk,Against All Odds | Dr. Farida Karoney,https://i3.ytimg.com/vi/BThv-iHJnNk/hqdefault.jpg,2025-10-09T11:06:53.000Z,1856,45212,2025-10-12T02:15:08.232Z
27,UCo1TM6QNn94BuXSLz1dmOkw,Mtb Ankit Zone,https://www.youtube.com/channel/UCo1TM6QNn94BuXSLz1dmOkw,,,,,,VsVCNzX5sYw,SurfingüòÇ Stunt Karte Karte Bacha Is Wali Ride Me To Maja Aagaya Aur Ha Isi Din Mera 200K Subcribers,https://i3.ytimg.com/vi/VsVCNzX5sYw/hqdefault.jpg,2025-10-12T01:30:20.000Z,900,12,2025-10-12T02:15:08.232Z
28,UCFFImqk3FPSvKWBoturxJ7g,Evans From Kenya COMMENTARIES,https://www.youtube.com/channel/UCFFImqk3FPSvKWBoturxJ7g,,,,,,_5av80EQsnw,Whites in America are STRUGGLING  to accept BLACK EXCELLENCE  &amp; Blacks ain't SUFFERING as intended.,https://i4.ytimg.com/vi/_5av80EQsnw/hqdefault.jpg,2025-10-09T19:29:53.000Z,2037,10677,2025-10-12T02:15:08.232Z
29,UCMD-JmezXoQiV9PiWLwVpGQ,Presenter Ali,https://www.youtube.com/channel/UCMD-JmezXoQiV9PiWLwVpGQ,,,,,,VDaUlUN7AP8,KENYAN TRADERS IN DUBAI! PRESENTER ALI &amp; DIDY FX,https://i3.ytimg.com/vi/VDaUlUN7AP8/hqdefault.jpg,2025-10-10T10:44:17.000Z,837,6361,2025-10-12T02:15:08.232Z
30,UCE0YXdRyT9WC96KZfn7C9mQ,Ramogi TV Kenya,https://www.youtube.com/channel/UCE0YXdRyT9WC96KZfn7C9mQ,,,,,,A4jSWWPCJn0,#RAMOGITVLIVE | Weche Manyien Mag #MIGAGO I 11/10/2025,https://i2.ytimg.com/vi/A4jSWWPCJn0/hqdefault.jpg,2025-10-11T22:33:51.000Z,1875,621,2025-10-12T02:15:08.232Z
31,UCTX5MKA5RgKPyYmGWEXX6cQ,Mwangaza TV Kenya,https://www.youtube.com/channel/UCTX5MKA5RgKPyYmGWEXX6cQ,,,,,,achQRz4agIw,MWALE SAA MOJA NA ARTHUR KIATHI,https://i2.ytimg.com/vi/achQRz4agIw/hqdefault.jpg,2025-10-11T15:33:52.000Z,1583,45,2025-10-12T02:15:08.232Z
32,UCE3KVkSH1GwUtAAMcVcJ3QQ,UpSyd Digital Networks,https://www.youtube.com/channel/UCE3KVkSH1GwUtAAMcVcJ3QQ,,,,,,zQnQPcvz9ig,MIC CHEQUE PODCAST | Episode 300 | Two bedroom Duplex Feat. AZEEZAH,https://i3.ytimg.com/vi/zQnQPcvz9ig/hqdefault.jpg,2025-10-09T09:35:55.000Z,660,185,2025-10-12T02:15:08.232Z
33,UCAvd919a1ibeG5cp5QtwXOw,Shared Moments with Justus,https://www.youtube.com/channel/UCAvd919a1ibeG5cp5QtwXOw,,,,,,OR5wp2cHBMk,"Part 2 - Levi Kones, Emotional Reunion with Wife in Australia | Shared Moments",https://i4.ytimg.com/vi/OR5wp2cHBMk/hqdefault.jpg,2025-10-11T18:00:07.000Z,2775,402,2025-10-12T02:15:08.232Z
34,UCaWu4TkcsWcZbw0Pg26OltQ,CTRL Z,https://www.youtube.com/channel/UCaWu4TkcsWcZbw0Pg26OltQ,,,,,,X_HVxQzJb88,This Guy got Rizzz üî•üòÇ,https://i1.ytimg.com/vi/X_HVxQzJb88/hqdefault.jpg,2025-10-03T05:52:57.000Z,752,9192,2025-10-12T02:15:08.232Z
35,UCXuseB7juWB7DIgTJcwtHFQ,Parliament of Kenya,https://www.youtube.com/channel/UCXuseB7juWB7DIgTJcwtHFQ,,,,,,VsUV4Hztn58,"Senate Mashinani, Busia County: Thursday, 9th October 2025 | Afternoon Sitting",https://i3.ytimg.com/vi/VsUV4Hztn58/hqdefault.jpg,2025-10-10T01:14:07.000Z,5536,1646,2025-10-12T02:15:08.232Z
36,UClJq8G6FjEeXyMH6UgimnLw,Hope TV Kenya,https://www.youtube.com/channel/UClJq8G6FjEeXyMH6UgimnLw,,,,,,1XxrV92t-X0,FRIDAY FRENZY|| NOEL NDERITU,https://i2.ytimg.com/vi/1XxrV92t-X0/hqdefault.jpg,2025-10-11T08:38:14.000Z,5141,93,2025-10-12T02:15:08.232Z
37,UCAc-p07lJH4zUEo6VeyA-nQ,Aga Khan University Hospital Nairobi,https://www.youtube.com/channel/UCAc-p07lJH4zUEo6VeyA-nQ,,,,,,eBpxAPFKP8g,"Motherhood &amp; Mental Health Forum | Postpartum, Support &amp; Connection",https://i2.ytimg.com/vi/eBpxAPFKP8g/hqdefault.jpg,2025-09-05T08:59:45.000Z,7274,466,2025-10-12T02:15:08.232Z
38,UCUjUOgVT4yiY4YkhWkVZWJw,Nenyon TV,https://www.youtube.com/channel/UCUjUOgVT4yiY4YkhWkVZWJw,,,,,,eBy_aVvkqB8,LIVE NOW: TUGETAB BORORIET,https://i2.ytimg.com/vi/eBy_aVvkqB8/hqdefault.jpg,2025-10-11T07:03:45.000Z,660,0,2025-10-12T02:15:08.232Z
39,UChQXn6sL9ENIpA74qqPG1HA,3MenArmy Kenya,https://www.youtube.com/channel/UChQXn6sL9ENIpA74qqPG1HA,,,,,,d4nNAmaLHNk,The97sPodcast Episode 11  - WiFi C0NNecTioN,https://i1.ytimg.com/vi/d4nNAmaLHNk/hqdefault.jpg,2025-09-29T16:45:06.000Z,3850,150558,2025-10-12T02:15:08.232Z
40,UC6fVFxrbf0HDRW3B2mdWFGA,TMI Podcast KE,https://www.youtube.com/channel/UC6fVFxrbf0HDRW3B2mdWFGA,,,,,,adMLv_qe1PA,How to Ruin a Date 101 |Episode 196,https://i2.ytimg.com/vi/adMLv_qe1PA/hqdefault.jpg,2025-10-08T09:00:05.000Z,4101,26864,2025-10-12T02:15:08.232Z
41,UCuH2Ve1vprZGa5Hm_02ww3Q,DJ SONNIE M.,https://www.youtube.com/channel/UCuH2Ve1vprZGa5Hm_02ww3Q,,,,,,JEvlc8wo-xE,The accident was bloody sacrifices üíîüò≠,https://i3.ytimg.com/vi/JEvlc8wo-xE/hqdefault.jpg,2025-10-09T15:33:06.000Z,908,103,2025-10-12T02:15:08.232Z
42,UCZBH2CcL2t7Puh89TshvZzQ,Mekenze Limiri,https://www.youtube.com/channel/UCZBH2CcL2t7Puh89TshvZzQ,,,,,,R0fzM_9aIJI,The Realities of Being a Dual Citizen || Kenya + USA,https://i3.ytimg.com/vi/R0fzM_9aIJI/hqdefault.jpg,2025-10-11T03:48:07.000Z,1154,8277,2025-10-12T02:15:08.232Z
43,UCCjULCQvh2cQQLzYe4DC2Nw,The Joy Ride,https://www.youtube.com/channel/UCCjULCQvh2cQQLzYe4DC2Nw,,,,,,9QUaSykr6Xs,SSN 8 EP 6 || The Real Us: Who We Are vs Who We Show FT Amina Abdi Rabar,https://i2.ytimg.com/vi/9QUaSykr6Xs/hqdefault.jpg,2025-10-09T07:00:06.000Z,4209,23361,2025-10-12T02:15:08.232Z
44,UCM0AhEzSsjf61sJntWDxcEg,The Dating Stories,https://www.youtube.com/channel/UCM0AhEzSsjf61sJntWDxcEg,,,,,,QPiWCBqFHtA,"Ep 100_I thought we were dating, Turns out I was in the relationship alone! The Dating Stories",https://i2.ytimg.com/vi/QPiWCBqFHtA/hqdefault.jpg,2025-10-09T17:00:06.000Z,4114,5832,2025-10-12T02:15:08.232Z
45,UCjSpvbZM2B9dzDDq2caHTeQ,Corporate Staffing Services Kenya,https://www.youtube.com/channel/UCjSpvbZM2B9dzDDq2caHTeQ,,,,,,w0a3NYpC94g,Why You Fail Panel Interviews and How to Turn Them into Job Offers,https://i4.ytimg.com/vi/w0a3NYpC94g/hqdefault.jpg,2025-08-11T07:04:37.000Z,668,256,2025-10-12T02:15:08.232Z
46,UCfy9aswLTfmuqcNylgMbUrA,Constable Kenya TV,https://www.youtube.com/channel/UCfy9aswLTfmuqcNylgMbUrA,,,,,,h0srUMG5JnQ,SIRI NZITO MULIRO NA MAFWELE NDIO WATEKAJI VIJANA WAHIMIZWA KUCHOMA VITUO VYA POLISI,https://i1.ytimg.com/vi/h0srUMG5JnQ/hqdefault.jpg,2025-10-11T11:18:26.000Z,2537,2055,2025-10-12T02:15:08.232Z
47,UC1usULY7rfWyhyyMiBUzg1g,KIKUYU PODCAST ,https://www.youtube.com/channel/UC1usULY7rfWyhyyMiBUzg1g,,,,,,sHwVLzgo5BI,KWANYITANA! MOSES KURIA KUUGA GACHAGUA N√éWE UNDISPUTED MT KENYA KINGPIN NA ATI NI EKU MU-JOIN,https://i4.ytimg.com/vi/sHwVLzgo5BI/hqdefault.jpg,2025-10-11T20:56:06.000Z,660,0,2025-10-12T02:15:08.232Z
48,UCaezQJtBqkyuNFN8bGmBeMQ,Family Media,https://www.youtube.com/channel/UCaezQJtBqkyuNFN8bGmBeMQ,,,,,,Pt_tJpscF0U,Crosstalk: Action Or Just A Celebration | 11/08/2025,https://i1.ytimg.com/vi/Pt_tJpscF0U/hqdefault.jpg,2025-10-11T16:59:06.000Z,4656,85,2025-10-12T02:15:08.232Z
49,UCwvnwnFeawExcT6cxOXOJxA,Rawder Kidula Show,https://www.youtube.com/channel/UCwvnwnFeawExcT6cxOXOJxA,,,,,,18caYDa6bPc,There's No Happy Marriage | We Fought Over a BicycleüòÇüòÇ  | Faith and Abraham Rugo,https://i2.ytimg.com/vi/18caYDa6bPc/hqdefault.jpg,2025-10-06T03:12:41.000Z,7101,10576,2025-10-12T02:15:08.232Z
50,UCEYqAce8R78wNRAkb8wIuVQ,The Sandwich Podcast KE,https://www.youtube.com/channel/UCEYqAce8R78wNRAkb8wIuVQ,,,,,,hXybMSsOD8w,"OCTOBER IS HERE || Partying when your whole roster is around, A moving Bash",https://i1.ytimg.com/vi/hXybMSsOD8w/hqdefault.jpg,2025-10-08T12:00:06.000Z,3035,10602,2025-10-12T02:15:08.232Z
51,UCrxSe4ecTNMqjB23JafageA,The Kenyan American Home,https://www.youtube.com/channel/UCrxSe4ecTNMqjB23JafageA,,,,,,bERLHV61ebs,Tuesday Check in 33,https://i3.ytimg.com/vi/bERLHV61ebs/hqdefault.jpg,2025-10-07T20:18:18.000Z,12160,2046,2025-10-12T02:15:08.232Z
52,UCR0SvwY_QW7XrsaCZ_youXg,ZOZA PODCAST,https://www.youtube.com/channel/UCR0SvwY_QW7XrsaCZ_youXg,,,,,,sr5cYvAj1L0,OKTOBAFEST 2025 TOUR | OOH MY GRADUANT | ZOZA PODCAST EP 119,https://i4.ytimg.com/vi/sr5cYvAj1L0/hqdefault.jpg,2025-10-08T12:00:06.000Z,3566,7653,2025-10-12T02:15:08.232Z
53,UCquxoW1DZM_FkQbuWhFLcNw,Chizzi Podcast,https://www.youtube.com/channel/UCquxoW1DZM_FkQbuWhFLcNw,,,,,,GtzVgOt6IQg,PELEKEA RUTO TAKATAKA; THE SHAME OF KIBRA!!!,https://i4.ytimg.com/vi/GtzVgOt6IQg/hqdefault.jpg,2025-10-11T16:57:16.000Z,1652,1712,2025-10-12T02:15:08.232Z
54,UCTMmDnmja-LpTI6dhAQR2jQ,Presenter David,https://www.youtube.com/channel/UCTMmDnmja-LpTI6dhAQR2jQ,,,,,,gLSzirX5woU,Liveüõë Rigathi Gachagua Addressing the Nation ahead of 2027 elections,https://i4.ytimg.com/vi/gLSzirX5woU/hqdefault.jpg,2025-10-05T20:41:26.000Z,2365,29,2025-10-12T02:15:08.232Z
55,UCmvfbWE8n63apNntC7doTdw,Prezzo logistic Mouldings limited,https://www.youtube.com/channel/UCmvfbWE8n63apNntC7doTdw,,,,,,D6i8J12vsU8,"Mungu mbele , ukitaka kujengewa runda yako call 0726675694",https://i1.ytimg.com/vi/D6i8J12vsU8/hqdefault.jpg,2025-08-02T16:56:08.000Z,1083,44723,2025-10-12T02:15:08.232Z
56,UCSp_w_aNlrg8q0oyKx5YEZQ,DMTV KENYA üá∞üá™,https://www.youtube.com/channel/UCSp_w_aNlrg8q0oyKx5YEZQ,,,,,,MjYl2SLwzc4,BREAKING VIDEO: Chaos in Baringo After Gideon Moi‚Äôs Secret Deal with Ruto Leaks!,https://i2.ytimg.com/vi/MjYl2SLwzc4/hqdefault.jpg,2025-10-10T06:12:54.000Z,670,64,2025-10-12T02:15:08.232Z
57,UCwvwwgcbtlmXwzCWsFTVSog,Raw Politics Kenya,https://www.youtube.com/channel/UCwvwwgcbtlmXwzCWsFTVSog,,,,,,j3vm0CWGA9A,PRESIDENT RUTO: Here Is Why KANU &amp; MOI Didn't Like Me,https://i3.ytimg.com/vi/j3vm0CWGA9A/hqdefault.jpg,2025-10-06T20:55:22.000Z,883,13975,2025-10-12T02:15:08.232Z
58,UCtkLyqydikBzPxAygmen-Cg,thekisscapadespodcast,https://www.youtube.com/channel/UCtkLyqydikBzPxAygmen-Cg,,,,,,U9e03f88WQc,"Tyler Poulter: UK Jobs to Global Adventures, Tyler‚Äôs Journey Across Continents (Full Episode)",https://i2.ytimg.com/vi/U9e03f88WQc/hqdefault.jpg,2025-10-03T13:30:06.000Z,6312,31,2025-10-12T02:15:08.232Z
59,UCTmotqSpm-DWgI7YIax9-8w,"The River of God Church, Parklands",https://www.youtube.com/channel/UCTmotqSpm-DWgI7YIax9-8w,,,,,,tM0NZ6hh6kI,To God and To Ceaser,https://i1.ytimg.com/vi/tM0NZ6hh6kI/hqdefault.jpg,2025-10-11T17:27:24.000Z,660,0,2025-10-12T02:15:08.232Z
60,UCYWWUTwlrj_bB-iDpD_CEIQ,Radio Generation - Kenya,https://www.youtube.com/channel/UCYWWUTwlrj_bB-iDpD_CEIQ,,,,,,xlj0b1sBltg,The Generation Report With Tricia Wayua,https://i1.ytimg.com/vi/xlj0b1sBltg/hqdefault.jpg,2025-10-11T15:44:45.000Z,9747,164,2025-10-12T02:15:08.232Z
61,UC3igbOfjItm-Ea21KzLKtig,One Accord TV Kenya,https://www.youtube.com/channel/UC3igbOfjItm-Ea21KzLKtig,,,,,,au2woU8nTts,The Wiser Woman - Relationships - Tue 30th Sept 2025,https://i2.ytimg.com/vi/au2woU8nTts/hqdefault.jpg,2025-09-30T16:30:06.000Z,1619,29,2025-10-12T02:15:08.232Z
62,UC-qHhfimVh-9ZFpLLNDBJOg,Mr Sikulu,https://www.youtube.com/channel/UC-qHhfimVh-9ZFpLLNDBJOg,,,,,,-LjxhijHuak,I Married 2 Nairobi Baddies For A NightüòÇüòÇüòçüòç,https://i2.ytimg.com/vi/-LjxhijHuak/hqdefault.jpg,2025-10-03T10:51:17.000Z,6997,632,2025-10-12T02:15:08.232Z
63,UCq9K26KI96tZEQrSomHSjqg,Simy Kenya TV,https://www.youtube.com/channel/UCq9K26KI96tZEQrSomHSjqg,,,,,,XEl3z8HinEc,Abong'o Jakabwana - DIGI DIGI is my favorite song &amp; why I composed it like RIDDIM!! #ohangla,https://i1.ytimg.com/vi/XEl3z8HinEc/hqdefault.jpg,2025-10-10T16:21:24.000Z,2850,1104,2025-10-12T02:15:08.232Z
64,UCGGEWFyd9HJfZcGetEcyiqg,Kenya The Talking Parrot ,https://www.youtube.com/channel/UCGGEWFyd9HJfZcGetEcyiqg,,,,,,xVdaSWVbJz8,Talking Parrot Outside says Shake it like it‚Äôs your Birthday &amp; Happy Friday &amp; playing upside down,https://i1.ytimg.com/vi/xVdaSWVbJz8/hqdefault.jpg,2025-10-11T08:24:32.000Z,3684,32,2025-10-12T02:15:08.232Z
65,UCRnWs_8yZ7GFNHsDEOc42Kg,BrighterMonday Kenya,https://www.youtube.com/channel/UCRnWs_8yZ7GFNHsDEOc42Kg,,,,,,OPiz87KXY3s,Shifting Careers? How to Pivot Without Starting Over,https://i4.ytimg.com/vi/OPiz87KXY3s/hqdefault.jpg,2025-09-12T06:22:36.000Z,6265,128,2025-10-12T02:15:08.232Z
66,UC6AkSvREU3xfhyd2eVi_0vA,Stephanie Ng‚Äôang‚Äôa,https://www.youtube.com/channel/UC6AkSvREU3xfhyd2eVi_0vA,,,,,,fx7AfZwVOe0,Cheptoo Magunga &amp; Magunga Williams write A Love Letter üíå| COUPLES EDITION | THE SNS  @,https://i3.ytimg.com/vi/fx7AfZwVOe0/hqdefault.jpg,2025-09-01T13:44:35.000Z,2129,3779,2025-10-12T02:15:08.232Z
67,UCKbawrV-7DdON4YXB4hA0bA,Skeji Wine Warr,,,,,,,,,,,,,2025-10-12T02:15:08.232Z
68,UCT7_iCG9NEvIYU9oColH32A,Empire Dance Kenya,https://www.youtube.com/channel/UCT7_iCG9NEvIYU9oColH32A,,,,,,h-A2GVifONc,DANCE WORKOUT  ( KENYAN MASH UP MIX ) LUNDIKA,https://i1.ytimg.com/vi/h-A2GVifONc/hqdefault.jpg,2025-09-04T13:36:25.000Z,3163,236,2025-10-12T02:15:08.232Z
69,UCRZc3IKbTep45T3C3ysZZ3Q,Larry Madowo,,,,,,,,,,,,,2025-10-12T02:15:08.232Z
70,UC502eNk1mlq63bBG98K2Hjw,Jeff Koinange,,,,,,,,,,,,,2025-10-12T02:15:08.232Z
71,UCjNFc8360TekuY2zacw5Piw,NAMELESS KENYA,,,,,,,,,,,,,2025-10-12T02:15:08.232Z
72,UCRoaR2d3SsMj5V8oddkVgqQ,Stone Arts Kenya,,,,,,,,,,,,,2025-10-12T02:15:08.232Z
73,UCYj0xUdcIp-pi0unrROeAGQ,NJATA TV KENYA,,,,,,,,,,,,,2025-10-12T02:15:08.232Z
74,UCmBQsChFjOTcqv7D6sT8dPw,ManTalk Ke,https://www.youtube.com/channel/UCmBQsChFjOTcqv7D6sT8dPw,,,,,,qEhjwqTuHnU,They Asked Us About Menstrual Cups‚Ä¶ Here‚Äôs How It Went,https://i2.ytimg.com/vi/qEhjwqTuHnU/hqdefault.jpg,2025-10-09T15:01:27.000Z,5187,3057,2025-10-12T02:15:08.232Z
75,UCUQJhw48IStqBL13dSSBoLQ,DELTA TV KENYA,https://www.youtube.com/channel/UCUQJhw48IStqBL13dSSBoLQ,,,,,,rhp6xW_UizQ,"ùêàùêíùêàùêéùêãùêé:ùêåùêÄùêáùêéùêâùêàùêÄùêçùêé. ùêíùêÄùêîùêìùêà ùêòùêÄ ùêàùêíùêàùêéùêãùêé ùêÖùêÆùê•ùê• ùêàùêßùê≠ùêûùê´ùêØùê¢ùêûùê∞ ùê∞ùê¢ùê≠ùê° ùêàùê¨ùê¢ùê®ùê•ùê® ùêíùê©ùêûùêöùê§ùêûùê´ ùêåùê®ùê°ùêöùê¶ùêûùêù ùêëùê®ùêõùêö,",https://i3.ytimg.com/vi/rhp6xW_UizQ/hqdefault.jpg,2025-08-02T22:12:18.000Z,2434,745,2025-10-12T02:15:08.232Z
76,UCz6bDe_mixAq2Z3evEPSYyg,Jeff Koinange,,,,,,,,,,,,,2025-10-12T02:15:08.232Z
77,UCsfK32q0jHFYiQGLfuGBi4A,Hornsphere,,,,,,,,,,,,,2025-10-12T02:15:08.232Z
78,UCiXDI2pT3QyOAOigi7UffHA,Cars With Big Boy Trev TV,,,,,,,,,,,,,2025-10-12T02:15:08.232Z
79,UCKott-RvUG716VJaydIYi6w,MINISTER MARK MUSIC,,,,,,,,,,,,,2025-10-12T02:15:08.232Z
80,UCSk_nh-LpsSbUtzoMrm4VlQ,Kenya Premier League,,,,,,,,,,,,,2025-10-12T02:15:08.232Z
81,UC3fvTQAXrq9bnW9MIq48daw,Brigadier Shiloh kenya,,,,,,,,,,,,,2025-10-12T02:15:08.232Z
82,UCx1WDOZzmyIa1MlK1W3RdOg,"It's Related, I Promise",,,,,,,,,,,,,2025-10-12T02:15:08.232Z